Created on 01-28-2021,https://www.CryptoDataDownload.com,,,,,,
Unix Timestamp,Date,Symbol,Open,High,Low,Close,Volume
1580184000000,1/28/2020 4:00,ETHUSD,172.8,177.45,169.96,176.4,12044.60510651
1580270400000,1/29/2020 4:00,ETHUSD,176.4,178.49,170.54,172.98,12934.40792031
1580356800000,1/30/2020 4:00,ETHUSD,172.98,186.88,172.98,183.01,25732.16735863
1580443200000,1/31/2020 4:00,ETHUSD,183.01,184.05,175.33,182.65,12905.52691351
1580529600000,2/1/2020 4:00,ETHUSD,182.65,183.93,179.84,180.34,4269.53800477
1580616000000,2/2/2020 4:00,ETHUSD,180.34,196,178.82,191.42,20849.81248195
1580702400000,2/3/2020 4:00,ETHUSD,191.42,191.97,186.56,187.58,10351.8724231
1580788800000,2/4/2020 4:00,ETHUSD,187.58,189.67,183.97,189.05,7921.54920344
1580875200000,2/5/2020 4:00,ETHUSD,189.05,207.99,188.56,206.26,20471.12193723
1580961600000,2/6/2020 4:00,ETHUSD,206.26,220,206.26,217.06,693.47551685
1581048000000,2/7/2020 4:00,ETHUSD,217.06,224.29,213.49,217.56,17912.89269361
1581134400000,2/8/2020 4:00,ETHUSD,217.56,229.34,217.3,228.86,13407.44814631
1581220800000,2/9/2020 4:00,ETHUSD,228.86,230.99,223.8,225.41,14951.33449894
1581307200000,2/10/2020 4:00,ETHUSD,225.41,225.47,217.09,218.8,20898.8086895
1581393600000,2/11/2020 4:00,ETHUSD,218.8,248.1,218.13,245.15,34629.54499087
1581480000000,2/12/2020 4:00,ETHUSD,245.15,276,245.15,269.9,54792.67929797
1581566400000,2/13/2020 4:00,ETHUSD,269.9,278.34,256.42,266.6,33197.99657852
1581652800000,2/14/2020 4:00,ETHUSD,266.6,289.58,260.36,282.62,23004.33499486
1581739200000,2/15/2020 4:00,ETHUSD,282.62,286.12,258.15,271.17,16958.72784316
1581825600000,2/16/2020 4:00,ETHUSD,271.17,273.96,236.56,249.76,44157.60835211
1581912000000,2/17/2020 4:00,ETHUSD,249.76,272.27,242.58,268.9,16926.53346332
1581998400000,2/18/2020 4:00,ETHUSD,268.9,286.54,259.39,280.29,23325.78966108
1582084800000,2/19/2020 4:00,ETHUSD,280.29,287.41,251.07,260.87,30243.64909844
1582171200000,2/20/2020 4:00,ETHUSD,260.87,266.05,258.78,262.66,1301.33154205
1582257600000,2/21/2020 4:00,ETHUSD,262.66,268.57,257.82,263.02,8108.28692619
1582344000000,2/22/2020 4:00,ETHUSD,263.02,266.51,256.8,265.74,6435.8764876
1582430400000,2/23/2020 4:00,ETHUSD,265.74,278,265.69,268.54,16034.12388112
1582516800000,2/24/2020 4:00,ETHUSD,268.54,272.67,256.64,261.9,16473.0108532
1582603200000,2/25/2020 4:00,ETHUSD,261.9,264.96,235.81,238.72,32573.21641046
1582689600000,2/26/2020 4:00,ETHUSD,238.72,241.97,209.77,218.53,36981.53125818
1582776000000,2/27/2020 4:00,ETHUSD,218.53,238.27,216.88,230.08,21979.33393222
1582862400000,2/28/2020 4:00,ETHUSD,230.08,232.45,213,230.58,17193.2972114
1582948800000,2/29/2020 4:00,ETHUSD,230.58,233.36,216.25,223.69,9666.97284723
1583035200000,3/1/2020 4:00,ETHUSD,223.69,227.77,212.16,218.82,15374.80336462
1583121600000,3/2/2020 4:00,ETHUSD,218.82,234.93,218.7,231.97,32037.31030061
1583208000000,3/3/2020 4:00,ETHUSD,231.97,232.82,219.93,226.38,40957.27898952
1583294400000,3/4/2020 4:00,ETHUSD,226.38,228.64,220.38,226.8,22701.59791072
1583380800000,3/5/2020 4:00,ETHUSD,226.8,231.14,226.8,229.67,314.380046
1583467200000,3/6/2020 4:00,ETHUSD,229.67,247.02,229.17,244.46,12755.08090818
1583553600000,3/7/2020 4:00,ETHUSD,244.46,252.16,229.64,231.69,9557.82167433
1583640000000,3/8/2020 4:00,ETHUSD,231.69,233.11,196.1,201.83,33947.19361818
1583726400000,3/9/2020 4:00,ETHUSD,201.83,208.5,189.97,202.63,43594.7121468
1583812800000,3/10/2020 4:00,ETHUSD,202.63,206.28,195.72,201.84,30844.39985731
1583899200000,3/11/2020 4:00,ETHUSD,201.84,202.24,181.63,183.11,41583.9435919
1583985600000,3/12/2020 4:00,ETHUSD,183.11,183.11,119.63,135.47,14267.58583914
1584072000000,3/13/2020 4:00,ETHUSD,135.47,138.99,130.56,134.39,5201.79979296
1584158400000,3/14/2020 4:00,ETHUSD,134.39,134.39,120.5,121.05,34772.10536722
1584244800000,3/15/2020 4:00,ETHUSD,121.05,133.9,119.49,122,47973.97828407
1584331200000,3/16/2020 4:00,ETHUSD,122,122.03,100.7,117.69,140738.27369292
1584417600000,3/17/2020 4:00,ETHUSD,117.69,120.44,113,117.77,25545.87802133
1584504000000,3/18/2020 4:00,ETHUSD,117.77,120.44,110.31,116.33,31907.20878712
1584590400000,3/19/2020 4:00,ETHUSD,116.33,143.5,116.07,135.15,52647.58083254
1584676800000,3/20/2020 4:00,ETHUSD,135.15,153.17,115,134.24,98750.50487556
1584763200000,3/21/2020 4:00,ETHUSD,134.24,137.67,125.79,135.95,40747.8111329
1584849600000,3/22/2020 4:00,ETHUSD,135.95,137.35,119.17,125.14,43244.51349184
1584936000000,3/23/2020 4:00,ETHUSD,125.14,138.38,120.75,134.71,59761.83772428
1585022400000,3/24/2020 4:00,ETHUSD,134.71,144.14,133.17,136.25,66472.06892176
1585108800000,3/25/2020 4:00,ETHUSD,136.25,142.88,132.87,137.67,31627.35023354
1585195200000,3/26/2020 4:00,ETHUSD,137.67,142.38,137.5,139.77,2154.51127074
1585281600000,3/27/2020 4:00,ETHUSD,139.77,139.77,124.7,126.29,5249.383099
1585368000000,3/28/2020 4:00,ETHUSD,126.29,133.45,125.38,130.44,11951.37828683
1585454400000,3/29/2020 4:00,ETHUSD,130.44,130.44,123.87,126.97,12208.2866767
1585540800000,3/30/2020 4:00,ETHUSD,126.97,135.56,126.85,132.51,32555.22402709
1585627200000,3/31/2020 4:00,ETHUSD,132.51,135.4,130.77,132.92,12367.87540681
1585713600000,4/1/2020 4:00,ETHUSD,132.92,139.17,128.93,136.6,19937.97196608
1585800000000,4/2/2020 4:00,ETHUSD,136.6,150.32,135.99,141.72,30844.53954199
1585886400000,4/3/2020 4:00,ETHUSD,141.72,146.87,137.85,140.18,34677.11250961
1585972800000,4/4/2020 4:00,ETHUSD,140.18,146.5,139.5,144.27,11050.80696882
1586059200000,4/5/2020 4:00,ETHUSD,144.27,145.06,141,144.21,9287.56426119
1586145600000,4/6/2020 4:00,ETHUSD,144.21,176.74,144.21,171.24,68128.83157232
1586232000000,4/7/2020 4:00,ETHUSD,171.24,175.7,162.34,172.21,39818.73022471
1586318400000,4/8/2020 4:00,ETHUSD,172.21,174.81,166.14,170.44,16298.84579225
1586404800000,4/9/2020 4:00,ETHUSD,170.44,171.15,163,163.71,4204.38605619
1586491200000,4/10/2020 4:00,ETHUSD,163.71,164.18,152.46,160.38,35924.97080614
1586577600000,4/11/2020 4:00,ETHUSD,160.38,161.49,154.25,156.25,9950.3154613
1586664000000,4/12/2020 4:00,ETHUSD,156.25,165.37,150.12,152.59,17653.14866542
1586750400000,4/13/2020 4:00,ETHUSD,152.59,159.51,150.99,158.32,13246.02950118
1586836800000,4/14/2020 4:00,ETHUSD,158.32,162.15,155.74,160.62,19628.10716219
1586923200000,4/15/2020 4:00,ETHUSD,160.62,161.52,148.5,153.26,16456.70413369
1587009600000,4/16/2020 4:00,ETHUSD,153.26,175.03,152.64,171.74,37096.81207385
1587096000000,4/17/2020 4:00,ETHUSD,171.74,175,168.67,173.36,14668.40701199
1587182400000,4/18/2020 4:00,ETHUSD,173.36,190.06,171.99,187.85,22877.01844876
1587268800000,4/19/2020 4:00,ETHUSD,187.85,189.08,176.9,184.34,12339.27449198
1587355200000,4/20/2020 4:00,ETHUSD,184.34,186.84,166.88,172.06,32058.80339676
1587441600000,4/21/2020 4:00,ETHUSD,172.06,174.73,168.53,171.83,21530.82758116
1587528000000,4/22/2020 4:00,ETHUSD,171.83,187.45,171.35,183.37,25231.83967119
1587614400000,4/23/2020 4:00,ETHUSD,183.37,191,183.37,188.41,7657.15218924
1587700800000,4/24/2020 4:00,ETHUSD,188.41,189.99,184.57,188.45,9664.30328452
1587787200000,4/25/2020 4:00,ETHUSD,188.45,198,187.74,195.03,10887.29480422
1587873600000,4/26/2020 4:00,ETHUSD,195.03,200,192.59,197.64,11378.00803916
1587960000000,4/27/2020 4:00,ETHUSD,197.64,197.98,189.57,194.51,16220.73970572
1588046400000,4/28/2020 4:00,ETHUSD,194.51,199.92,192.71,198.4,10715.43498053
1588132800000,4/29/2020 4:00,ETHUSD,198.4,226.54,197.88,225.98,32151.32279824
1588219200000,4/30/2020 4:00,ETHUSD,225.98,227.54,202.5,208.78,40093.08725281
1588305600000,5/1/2020 4:00,ETHUSD,208.78,217.22,208.46,213.4,12634.2569442
1588392000000,5/2/2020 4:00,ETHUSD,213.4,219.09,210.75,218.25,6983.7816503
1588478400000,5/3/2020 4:00,ETHUSD,218.25,218.64,202.4,203.98,11529.27837433
1588564800000,5/4/2020 4:00,ETHUSD,203.98,209.28,195.33,206.49,16311.27012632
1588651200000,5/5/2020 4:00,ETHUSD,206.49,212.08,201.63,206.83,9264.15714986
1588737600000,5/6/2020 4:00,ETHUSD,206.83,211.34,197,205.31,16353.93382211
1588824000000,5/7/2020 4:00,ETHUSD,205.31,217.03,203.23,213.16,18966.47533746
1588910400000,5/8/2020 4:00,ETHUSD,213.16,215.25,207.41,213.98,10693.71412826
1588996800000,5/9/2020 4:00,ETHUSD,213.98,214.39,178.51,186.14,24966.69699193
1589083200000,5/10/2020 4:00,ETHUSD,186.14,193.69,180,189.06,15388.53985711
1589169600000,5/11/2020 4:00,ETHUSD,189.06,193.47,176.26,188.86,25940.2606213
1589256000000,5/12/2020 4:00,ETHUSD,188.86,192.45,187.05,190.79,19579.21991632
1589342400000,5/13/2020 4:00,ETHUSD,190.79,201.41,188.37,199.25,17214.94286346
1589428800000,5/14/2020 4:00,ETHUSD,199.25,203.23,197.61,199.44,4361.90795166
1589515200000,5/15/2020 4:00,ETHUSD,199.44,201.94,191.49,198.88,22740.84517699
1589601600000,5/16/2020 4:00,ETHUSD,198.88,203.24,197.61,201.53,10853.72849308
1589688000000,5/17/2020 4:00,ETHUSD,201.53,216.05,200.57,215.14,16312.03374622
1589774400000,5/18/2020 4:00,ETHUSD,215.14,216.92,208.95,210.18,22178.06468073
1589860800000,5/19/2020 4:00,ETHUSD,210.18,215.8,209.36,212.76,12479.59658169
1589947200000,5/20/2020 4:00,ETHUSD,212.76,215.64,206,208.9,10736.93400878
1590033600000,5/21/2020 4:00,ETHUSD,208.9,209.83,191.5,196.84,18791.19991402
1590120000000,5/22/2020 4:00,ETHUSD,196.84,211.36,196.51,209.86,10328.40451623
1590206400000,5/23/2020 4:00,ETHUSD,209.86,210.51,204.9,209.23,3777.77932087
1590292800000,5/24/2020 4:00,ETHUSD,209.23,210.86,198,202.38,11806.73213375
1590379200000,5/25/2020 4:00,ETHUSD,202.38,205.74,201.59,204.96,6663.29003095
1590465600000,5/26/2020 4:00,ETHUSD,204.96,204.96,196.81,201.82,13642.56393104
1590552000000,5/27/2020 4:00,ETHUSD,201.82,208.98,201.39,206.42,9707.56807445
1590638400000,5/28/2020 4:00,ETHUSD,206.42,224.75,206.42,221.95,4005.16061086
1590724800000,5/29/2020 4:00,ETHUSD,221.95,223.38,217.66,222.87,15212.13601234
1590811200000,5/30/2020 4:00,ETHUSD,222.87,247.36,222.46,237.41,30564.18093148
1590897600000,5/31/2020 4:00,ETHUSD,237.41,240.42,229.66,238.68,11783.71811515
1590984000000,6/1/2020 4:00,ETHUSD,238.68,252.18,235,247.3,28842.98499099
1591070400000,6/2/2020 4:00,ETHUSD,247.3,253.19,224.99,235.73,38341.707316
1591156800000,6/3/2020 4:00,ETHUSD,235.73,246.73,233.45,245.55,9766.51184967
1591243200000,6/4/2020 4:00,ETHUSD,245.55,246.34,236.33,242.44,16259.05754357
1591329600000,6/5/2020 4:00,ETHUSD,242.44,247.73,237.79,240.11,11584.32530418
1591416000000,6/6/2020 4:00,ETHUSD,240.11,244.45,239.41,243.26,14385.63106248
1591502400000,6/7/2020 4:00,ETHUSD,243.26,245.5,234.91,244.27,8661.51340319
1591588800000,6/8/2020 4:00,ETHUSD,244.27,250,238.63,243.46,19255.69447064
1591675200000,6/9/2020 4:00,ETHUSD,243.46,245.54,240.85,243.99,10095.45842638
1591761600000,6/10/2020 4:00,ETHUSD,243.99,250.96,241.74,248.14,12952.11175292
1591848000000,6/11/2020 4:00,ETHUSD,248.14,249.08,226,233.24,29853.63283251
1591934400000,6/12/2020 4:00,ETHUSD,233.24,239.05,232.42,235.79,10674.29398788
1592020800000,6/13/2020 4:00,ETHUSD,235.79,238.7,234.8,237.66,4313.06727827
1592107200000,6/14/2020 4:00,ETHUSD,237.66,237.97,224.82,225.47,11684.78714301
1592193600000,6/15/2020 4:00,ETHUSD,225.47,234.47,218.2,233.03,25861.68069426
1592280000000,6/16/2020 4:00,ETHUSD,233.03,235.98,231.34,232.77,6489.74610579
1592366400000,6/17/2020 4:00,ETHUSD,232.77,238,227.54,233.31,34111.00497637
1592452800000,6/18/2020 4:00,ETHUSD,233.31,233.31,226.32,227.54,1484.66686482
1592539200000,6/19/2020 4:00,ETHUSD,227.54,231.77,227.04,230.29,20291.6498505
1592625600000,6/20/2020 4:00,ETHUSD,230.29,230.37,225.75,229.6,3811.40130239
1592712000000,6/21/2020 4:00,ETHUSD,229.6,234.39,227,234.25,19582.35406474
1592798400000,6/22/2020 4:00,ETHUSD,234.25,246.43,233.7,242.74,17866.81690933
1592884800000,6/23/2020 4:00,ETHUSD,242.74,245.96,241.4,245.19,8741.72157834
1592971200000,6/24/2020 4:00,ETHUSD,245.19,249.2,227.33,229.42,35768.79383471
1593057600000,6/25/2020 4:00,ETHUSD,229.42,235.23,229.11,232.2,18277.14325471
1593144000000,6/26/2020 4:00,ETHUSD,232.2,232.79,227.29,229.45,10121.29758325
1593230400000,6/27/2020 4:00,ETHUSD,229.45,231.23,216,219.23,13677.22956854
1593316800000,6/28/2020 4:00,ETHUSD,219.23,227.82,217.98,224.39,7080.52020545
1593403200000,6/29/2020 4:00,ETHUSD,224.39,229.98,221.18,227.26,10306.65491029
1593489600000,6/30/2020 4:00,ETHUSD,227.26,227.73,223.13,225.57,7747.4143248
1593576000000,7/1/2020 4:00,ETHUSD,225.57,232.79,224.97,231.17,11371.47675478
1593662400000,7/2/2020 4:00,ETHUSD,231.17,231.17,226.19,226.52,476.24495791
1593748800000,7/3/2020 4:00,ETHUSD,226.52,228.47,224.35,226.18,6377.98267709
1593835200000,7/4/2020 4:00,ETHUSD,226.18,230.63,225.34,228.19,4901.5973405
1593921600000,7/5/2020 4:00,ETHUSD,228.19,228.88,223.71,227.84,4509.19672774
1594008000000,7/6/2020 4:00,ETHUSD,227.84,244,227.84,239.49,18081.31119113
1594094400000,7/7/2020 4:00,ETHUSD,239.49,242.15,234.77,241.75,9256.57002597
1594180800000,7/8/2020 4:00,ETHUSD,241.75,249.05,238.3,244.82,23075.57119698
1594267200000,7/9/2020 4:00,ETHUSD,244.82,247.79,237.66,240.18,17424.61103125
1594353600000,7/10/2020 4:00,ETHUSD,240.18,241.78,235.7,240.3,13632.28412538
1594440000000,7/11/2020 4:00,ETHUSD,240.3,242.01,236.47,240.91,27616.27087893
1594526400000,7/12/2020 4:00,ETHUSD,240.91,243.84,235.98,241.55,22423.71916545
1594612800000,7/13/2020 4:00,ETHUSD,241.55,245.28,236.94,238.85,24319.78487369
1594699200000,7/14/2020 4:00,ETHUSD,238.85,242.16,237,239.29,19972.53599492
1594785600000,7/15/2020 4:00,ETHUSD,239.29,240.15,236.39,238.18,9055.7206512
1594872000000,7/16/2020 4:00,ETHUSD,238.18,238.18,232.84,233.23,3589.97839917
1594958400000,7/17/2020 4:00,ETHUSD,233.23,234.63,231.66,233.12,3730.3884858
1595044800000,7/18/2020 4:00,ETHUSD,233.12,237.13,232.96,235.24,9587.19800272
1595131200000,7/19/2020 4:00,ETHUSD,235.24,239.98,233,238.91,10117.80185822
1595217600000,7/20/2020 4:00,ETHUSD,238.91,239.37,234.04,236.88,18742.10749579
1595304000000,7/21/2020 4:00,ETHUSD,236.88,247.05,236.76,244.8,13347.09272499
1595390400000,7/22/2020 4:00,ETHUSD,244.8,269.7,241.62,264.26,24168.70265072
1595476800000,7/23/2020 4:00,ETHUSD,264.26,280.8,260.26,273.54,30675.64542835
1595563200000,7/24/2020 4:00,ETHUSD,273.54,287.56,268.47,283.45,27498.59825875
1595649600000,7/25/2020 4:00,ETHUSD,283.45,309.33,282,303.14,24683.01919934
1595736000000,7/26/2020 4:00,ETHUSD,303.14,329.71,301.26,325.83,19855.19742703
1595822400000,7/27/2020 4:00,ETHUSD,325.83,334,311,320.15,43894.73844203
1595908800000,7/28/2020 4:00,ETHUSD,320.15,323.43,306.36,316.59,17594.21010421
1595995200000,7/29/2020 4:00,ETHUSD,316.59,325.69,314.69,316.64,10058.31415286
1596081600000,7/30/2020 4:00,ETHUSD,316.64,337.04,316.64,329.46,2778.5066163
1596168000000,7/31/2020 4:00,ETHUSD,329.46,352.96,329.46,352.6,33996.29077343
1596254400000,8/1/2020 4:00,ETHUSD,352.6,408.37,350.87,408.37,22180.30736056
1596340800000,8/2/2020 4:00,ETHUSD,408.37,419.37,325.72,379.35,59681.04163712
1596427200000,8/3/2020 4:00,ETHUSD,379.35,403.14,379.35,391.28,21335.97134942
1596513600000,8/4/2020 4:00,ETHUSD,391.28,397.26,381,389.6,17046.71233931
1596600000000,8/5/2020 4:00,ETHUSD,389.6,408.49,387.68,396.13,19783.63408512
1596686400000,8/6/2020 4:00,ETHUSD,396.13,401.09,391,396.14,13066.43578361
1596772800000,8/7/2020 4:00,ETHUSD,396.14,397.71,363.41,378.35,23277.52398165
1596859200000,8/8/2020 4:00,ETHUSD,378.35,400.56,377.57,396.03,12571.41680178
1596945600000,8/9/2020 4:00,ETHUSD,396.03,398.92,383.99,398.13,10855.00720334
1597032000000,8/10/2020 4:00,ETHUSD,398.13,400.53,385.7,394.17,14008.72326322
1597118400000,8/11/2020 4:00,ETHUSD,394.17,396.2,366.31,377.83,33137.74687967
1597204800000,8/12/2020 4:00,ETHUSD,377.83,395,365.73,395,17834.90671516
1597291200000,8/13/2020 4:00,ETHUSD,395,432,376.64,421.67,41938.89958843
1597377600000,8/14/2020 4:00,ETHUSD,421.67,445,419.78,439.68,25736.02598708
1597464000000,8/15/2020 4:00,ETHUSD,439.68,441.04,421.11,426.78,8240.63592643
1597550400000,8/16/2020 4:00,ETHUSD,426.78,437.08,412.68,427.09,9505.38333099
1597636800000,8/17/2020 4:00,ETHUSD,427.09,447.72,420,430.83,22240.67071184
1597723200000,8/18/2020 4:00,ETHUSD,430.83,431.94,413.71,415.62,10559.42440685
1597809600000,8/19/2020 4:00,ETHUSD,415.62,417.03,393.63,407,18769.46614866
1597896000000,8/20/2020 4:00,ETHUSD,407,416.75,407,416.44,938.24047872
1597982400000,8/21/2020 4:00,ETHUSD,416.44,416.55,379.93,385.45,18343.36530587
1598068800000,8/22/2020 4:00,ETHUSD,385.45,397.6,381.9,390.23,10574.32911817
1598155200000,8/23/2020 4:00,ETHUSD,390.23,395.58,383.96,393.39,4476.55837765
1598241600000,8/24/2020 4:00,ETHUSD,393.39,410.6,391.65,401.32,7707.33823913
1598328000000,8/25/2020 4:00,ETHUSD,401.32,403.06,369.98,386.57,15982.05224221
1598414400000,8/26/2020 4:00,ETHUSD,386.57,393.21,377.88,384.45,9533.20278345
1598500800000,8/27/2020 4:00,ETHUSD,384.45,388.5,379.82,386.55,1382.63809895
1598587200000,8/28/2020 4:00,ETHUSD,386.55,398.06,386.48,394.86,8130.83080486
1598673600000,8/29/2020 4:00,ETHUSD,394.86,407.17,393.62,405.16,5849.6640987
1598760000000,8/30/2020 4:00,ETHUSD,405.16,433,402.8,425.68,21960.39114969
1598846400000,8/31/2020 4:00,ETHUSD,425.68,444.48,418.31,443.88,11187.94008537
1598932800000,9/1/2020 4:00,ETHUSD,443.88,488.88,442.5,470.28,26135.01576429
1599019200000,9/2/2020 4:00,ETHUSD,470.28,481.3,421.13,443.19,28664.76229478
1599105600000,9/3/2020 4:00,ETHUSD,443.19,446.14,372.01,383.69,42486.20437821
1599192000000,9/4/2020 4:00,ETHUSD,383.69,400.68,358.88,387.58,29474.49215441
1599278400000,9/5/2020 4:00,ETHUSD,387.58,389.48,305.92,328.75,32803.31727674
1599364800000,9/6/2020 4:00,ETHUSD,328.75,360.63,316.56,348.44,20455.64738715
1599451200000,9/7/2020 4:00,ETHUSD,348.44,356.7,323.68,349.33,12039.87772579
1599537600000,9/8/2020 4:00,ETHUSD,349.33,350.79,325.55,334,23322.32922073
1599624000000,9/9/2020 4:00,ETHUSD,334,371.48,332.31,370.96,11145.27593069
1599710400000,9/10/2020 4:00,ETHUSD,370.96,370.96,356.87,357.02,1414.66551934
1599796800000,9/11/2020 4:00,ETHUSD,357.02,375.38,356.33,369.86,7277.78314311
1599883200000,9/12/2020 4:00,ETHUSD,369.86,389.4,365.11,389.03,5268.34026886
1599969600000,9/13/2020 4:00,ETHUSD,389.03,390.65,349,366.22,12292.48167467
1600056000000,9/14/2020 4:00,ETHUSD,366.22,384.38,362.15,376.1,13297.51984
1600142400000,9/15/2020 4:00,ETHUSD,376.1,379.12,355.02,360.09,14082.74723181
1600228800000,9/16/2020 4:00,ETHUSD,360.09,385.14,359.01,377,15201.41618278
1600315200000,9/17/2020 4:00,ETHUSD,377,394.31,375.04,387.45,11104.24660828
1600401600000,9/18/2020 4:00,ETHUSD,387.45,387.45,375.27,383.18,3828.31308091
1600488000000,9/19/2020 4:00,ETHUSD,383.18,387.93,377.5,381.55,4877.15962854
1600574400000,9/20/2020 4:00,ETHUSD,381.55,382.48,365,374.99,6585.73567671
1600660800000,9/21/2020 4:00,ETHUSD,374.99,375.42,330.97,342.99,19383.26383814
1600747200000,9/22/2020 4:00,ETHUSD,342.99,346.94,335.5,341.28,8058.94062917
1600833600000,9/23/2020 4:00,ETHUSD,341.28,343.46,313.14,324.98,17593.14914554
1600920000000,9/24/2020 4:00,ETHUSD,324.98,351.4,324.98,344.81,1757.66255797
1601006400000,9/25/2020 4:00,ETHUSD,344.81,358,338.03,350.95,11237.71078164
1601092800000,9/26/2020 4:00,ETHUSD,350.95,362.11,346.35,359.61,4598.54371743
1601179200000,9/27/2020 4:00,ETHUSD,359.61,362.2,347.62,358.06,5085.94641063
1601265600000,9/28/2020 4:00,ETHUSD,358.06,368.03,351.6,353.3,8310.1027456
1601352000000,9/29/2020 4:00,ETHUSD,353.3,360.34,350.51,355.79,5465.12457858
1601438400000,9/30/2020 4:00,ETHUSD,355.79,363.9,351.7,362.34,5427.43624498
1601524800000,10/1/2020 4:00,ETHUSD,362.34,362.34,350.11,352.99,915.8118707
1601611200000,10/2/2020 4:00,ETHUSD,352.99,354.48,334.59,348.81,12345.39426668
1601697600000,10/3/2020 4:00,ETHUSD,348.81,351.26,344.26,345.98,3323.00921031
1601784000000,10/4/2020 4:00,ETHUSD,345.98,356.04,345.03,351.98,3609.05494561
1601870400000,10/5/2020 4:00,ETHUSD,351.98,355.28,349.07,353.63,8528.96737602
1601956800000,10/6/2020 4:00,ETHUSD,353.63,354.77,333.28,337.02,11424.49968336
1602043200000,10/7/2020 4:00,ETHUSD,337.02,342.73,336.49,339.51,7779.39091099
1602129600000,10/8/2020 4:00,ETHUSD,339.51,352.07,339.51,350.03,1351.48735363
1602216000000,10/9/2020 4:00,ETHUSD,350.03,378.35,347.65,376.1,9555.17244897
1602302400000,10/10/2020 4:00,ETHUSD,376.1,377.04,368.85,370.76,10547.02674464
1602388800000,10/11/2020 4:00,ETHUSD,370.76,377.48,369.97,374.74,2738.96802421
1602475200000,10/12/2020 4:00,ETHUSD,374.74,395,363.91,383.09,15137.23162056
1602561600000,10/13/2020 4:00,ETHUSD,383.09,387.27,374,381.65,9692.63057508
1602648000000,10/14/2020 4:00,ETHUSD,381.65,387.5,372.39,376.83,7854.49925993
1602734400000,10/15/2020 4:00,ETHUSD,376.83,382.24,370.1,378.36,9658.68465577
1602820800000,10/16/2020 4:00,ETHUSD,378.36,378.36,361.38,368.38,11301.49378049
1602907200000,10/17/2020 4:00,ETHUSD,368.38,370.43,364.99,368.77,2611.74840107
1602993600000,10/18/2020 4:00,ETHUSD,368.77,379.96,368.41,374.04,4952.27171525
1603080000000,10/19/2020 4:00,ETHUSD,374.04,384.71,373.21,380.11,5994.4514492
1603166400000,10/20/2020 4:00,ETHUSD,380.11,380.22,365.45,378.44,10270.74477842
1603252800000,10/21/2020 4:00,ETHUSD,378.44,402.41,376.52,393.33,19206.73497218
1603339200000,10/22/2020 4:00,ETHUSD,393.33,421.65,392.34,414,17704.59681205
1603425600000,10/23/2020 4:00,ETHUSD,414,419.33,402,412.01,8405.0532344
1603512000000,10/24/2020 4:00,ETHUSD,412.01,416.6,409.17,415.47,2194.73350613
1603598400000,10/25/2020 4:00,ETHUSD,415.47,417.71,403.49,409.38,4367.70643574
1603684800000,10/26/2020 4:00,ETHUSD,409.38,409.39,383,393.41,13027.32093293
1603771200000,10/27/2020 4:00,ETHUSD,393.41,410.62,390.56,406.3,10722.85716653
1603857600000,10/28/2020 4:00,ETHUSD,406.3,407.5,380.75,392.01,15076.45748915
1603944000000,10/29/2020 4:00,ETHUSD,392.01,394.17,380.69,385.52,8886.3521826
1604030400000,10/30/2020 4:00,ETHUSD,385.52,387.99,373.93,383.29,10710.32391612
1604116800000,10/31/2020 4:00,ETHUSD,383.29,393.92,381.89,386.88,5321.48847372
1604203200000,11/1/2020 4:00,ETHUSD,386.88,404.39,385.21,399.53,4410.77662979
1604289600000,11/2/2020 4:00,ETHUSD,399.53,400.96,372.11,374.53,19180.70129226
1604376000000,11/3/2020 4:00,ETHUSD,374.53,390.42,370.4,386.89,11549.35808368
1604462400000,11/4/2020 4:00,ETHUSD,386.89,408.99,377.53,405.43,17501.74735873
1604548800000,11/5/2020 4:00,ETHUSD,405.43,441.88,397.15,427.75,28209.87525747
1604635200000,11/6/2020 4:00,ETHUSD,427.75,468.76,426.98,459.41,24363.07627245
1604721600000,11/7/2020 4:00,ETHUSD,459.41,465.73,424.59,439.26,18473.47296241
1604808000000,11/8/2020 4:00,ETHUSD,439.26,460.03,435.93,452.82,7822.10452324
1604894400000,11/9/2020 4:00,ETHUSD,452.82,459.01,434.24,449.66,13224.03828612
1604980800000,11/10/2020 4:00,ETHUSD,449.66,466.68,440.89,463.33,11900.95426397
1605067200000,11/11/2020 4:00,ETHUSD,463.33,476.57,452.24,458.74,16598.80153134
1605153600000,11/12/2020 4:00,ETHUSD,458.74,468,458.74,464.49,2066.44288073
1605240000000,11/13/2020 4:00,ETHUSD,464.49,478.77,458,472.04,13978.72034172
1605326400000,11/14/2020 4:00,ETHUSD,472.04,472.04,452.39,457.94,9649.49094291
1605412800000,11/15/2020 4:00,ETHUSD,457.94,462.99,440.54,449.99,10766.89249589
1605499200000,11/16/2020 4:00,ETHUSD,449.99,469.28,449.1,462.4,10654.34344848
1605585600000,11/17/2020 4:00,ETHUSD,462.4,488.91,461.94,488.63,22959.14455013
1605672000000,11/18/2020 4:00,ETHUSD,488.63,495.76,459.14,478.43,31944.63299574
1605758400000,11/19/2020 4:00,ETHUSD,478.43,488.23,472.69,485.13,2794.63331586
1605844800000,11/20/2020 4:00,ETHUSD,485.13,519.48,482.22,508.78,26346.39423739
1605931200000,11/21/2020 4:00,ETHUSD,508.78,562.12,503.16,549.85,24644.48775864
1606017600000,11/22/2020 4:00,ETHUSD,549.85,581.77,511.8,574.51,20369.89332043
1606104000000,11/23/2020 4:00,ETHUSD,574.51,622.04,570.96,614.38,35499.46892068
1606190400000,11/24/2020 4:00,ETHUSD,614.38,623.67,581.33,585.19,63736.33962254
1606276800000,11/25/2020 4:00,ETHUSD,585.19,604.7,501.95,534.37,43848.95781188
1606363200000,11/26/2020 4:00,ETHUSD,534.37,537.41,482,519.97,56198.43989079
1606449600000,11/27/2020 4:00,ETHUSD,519.97,529.28,494,515.39,27217.35125816
1606536000000,11/28/2020 4:00,ETHUSD,515.39,548.47,507,543.73,17707.16610937
1606622400000,11/29/2020 4:00,ETHUSD,543.73,593,536.4,588.8,15645.14580484
1606708800000,11/30/2020 4:00,ETHUSD,588.8,617.75,571.06,605.35,29971.40826406
1606795200000,12/1/2020 4:00,ETHUSD,605.35,636.4,562,585.15,54058.43412967
1606881600000,12/2/2020 4:00,ETHUSD,585.15,604.7,577.4,595.79,13109.665325
1606968000000,12/3/2020 4:00,ETHUSD,595.79,624.78,586.52,602.86,16615.05447188
1607054400000,12/4/2020 4:00,ETHUSD,602.86,602.86,567.37,576.12,1683.92613962
1607140800000,12/5/2020 4:00,ETHUSD,576.12,607.62,576.1,597.47,7393.57338832
1607227200000,12/6/2020 4:00,ETHUSD,597.47,603.79,584.54,595.38,6578.70810402
1607313600000,12/7/2020 4:00,ETHUSD,595.38,601.68,585,588.56,10884.47823582
1607400000000,12/8/2020 4:00,ETHUSD,588.56,595,541.38,552,18438.09296229
1607486400000,12/9/2020 4:00,ETHUSD,552,578,530.53,567.47,26080.94620351
1607572800000,12/10/2020 4:00,ETHUSD,567.47,567.47,543.2,547.43,590.9788788
1607659200000,12/11/2020 4:00,ETHUSD,547.43,557.89,535.5,554.7,18179.63229073
1607745600000,12/12/2020 4:00,ETHUSD,554.7,574.33,551.76,565.56,7645.7902087
1607832000000,12/13/2020 4:00,ETHUSD,565.56,595,564.56,590.61,12194.03421161
1607918400000,12/14/2020 4:00,ETHUSD,590.61,597.32,575.2,593.22,8587.60829708
1608004800000,12/15/2020 4:00,ETHUSD,593.22,593.6,579,583.91,8212.25567097
1608091200000,12/16/2020 4:00,ETHUSD,583.91,652.35,581.55,637.13,35279.14258317
1608177600000,12/17/2020 4:00,ETHUSD,637.13,654.74,629.97,643.87,6956.60536118
1608264000000,12/18/2020 4:00,ETHUSD,643.87,664,632.22,656.84,14798.43910442
1608350400000,12/19/2020 4:00,ETHUSD,656.84,671.38,642.39,647.62,14401.16554568
1608436800000,12/20/2020 4:00,ETHUSD,647.62,661.48,622.23,645.28,16997.78188601
1608523200000,12/21/2020 4:00,ETHUSD,645.28,648.15,596.34,610.01,48807.38481367
1608609600000,12/22/2020 4:00,ETHUSD,610.01,638.5,588.2,622.78,20946.51372482
1608696000000,12/23/2020 4:00,ETHUSD,622.78,624.61,550,574.95,40550.11856449
1608782400000,12/24/2020 4:00,ETHUSD,574.95,615.76,570.33,605.86,11857.97240525
1608868800000,12/25/2020 4:00,ETHUSD,605.86,636.88,604.43,633.99,23176.0142122
1608955200000,12/26/2020 4:00,ETHUSD,633.99,652.62,615.73,643.47,30709.30610266
1609041600000,12/27/2020 4:00,ETHUSD,643.47,717.64,616.03,703.28,53071.9417708
1609128000000,12/28/2020 4:00,ETHUSD,703.28,747.26,697.57,698.91,43893.67224632
1609214400000,12/29/2020 4:00,ETHUSD,698.91,746.68,688.05,732.69,42523.08089594
1609300800000,12/30/2020 4:00,ETHUSD,732.69,759,716.32,743.7,47416.00440649
1609387200000,12/31/2020 4:00,ETHUSD,743.7,755.5,722.03,746.69,22294.91003276
1609473600000,1/1/2021 4:00,ETHUSD,746.69,748.5,716,732.14,20636.0196371
1609560000000,1/2/2021 4:00,ETHUSD,732.14,788.93,725,773.66,45045.50184404
1609646400000,1/3/2021 4:00,ETHUSD,773.66,1028,770,1023.12,111543.01654466
1609732800000,1/4/2021 4:00,ETHUSD,1023.12,1171.05,880,1001.72,153231.68820809
1609819200000,1/5/2021 4:00,ETHUSD,1001.72,1128.05,975,1080.09,73249.58829307
1609905600000,1/6/2021 4:00,ETHUSD,1080.09,1228.86,1075.63,1218.41,89943.34403554
1609992000000,1/7/2021 4:00,ETHUSD,1218.41,1218.41,1065.73,1152.91,21438.40133408
1610078400000,1/8/2021 4:00,ETHUSD,1152.91,1275.94,1127,1227.74,90532.4333607
1610164800000,1/9/2021 4:00,ETHUSD,1227.74,1345,1175.95,1315.43,56310.0153771
1610251200000,1/10/2021 4:00,ETHUSD,1315.43,1352,1000,1101.2,92883.48304556
1610337600000,1/11/2021 4:00,ETHUSD,1101.2,1148.37,903.94,1088.38,176231.3080848
1610424000000,1/12/2021 4:00,ETHUSD,1088.38,1150,985.18,1045.77,65573.09686303
1610510400000,1/13/2021 4:00,ETHUSD,1045.77,1149.54,1010.62,1097.76,36760.52878756
1610596800000,1/14/2021 4:00,ETHUSD,1097.76,1255.94,1097.76,1219,5777.51018443
1610683200000,1/15/2021 4:00,ETHUSD,1219,1246.56,1070.7,1179.36,64687.68577712
1610769600000,1/16/2021 4:00,ETHUSD,1179.36,1293.99,1152.93,1241.89,39000.64919573
1610856000000,1/17/2021 4:00,ETHUSD,1241.89,1268.96,1165.07,1193.62,34076.84722498
1610942400000,1/18/2021 4:00,ETHUSD,1193.62,1347.79,1188.41,1322.18,43472.57774446
1611028800000,1/19/2021 4:00,ETHUSD,1322.18,1440.54,1303.8,1342.27,77853.89710711
1611115200000,1/20/2021 4:00,ETHUSD,1342.27,1389.79,1234.01,1327.31,61709.96368744
1611201600000,1/21/2021 4:00,ETHUSD,1327.31,1327.31,1037.1,1160.47,16598.12027443
1611288000000,1/22/2021 4:00,ETHUSD,1160.47,1275.57,1120.12,1234.14,44402.87779736
1611374400000,1/23/2021 4:00,ETHUSD,1234.14,1295.86,1198.29,1295.1,27228.6209274
1611460800000,1/24/2021 4:00,ETHUSD,1295.1,1478,1288.28,1428.59,56023.02336786
1611547200000,1/25/2021 4:00,ETHUSD,1428.59,1447.79,1293.54,1314.85,48189.41090809
1611633600000,1/26/2021 4:00,ETHUSD,1314.85,1376.34,1245.71,1311.11,32606.82942811
1611720000000,1/27/2021 4:00,ETHUSD,1311.11,1320.88,1200.65,1225,49291.98785243
